[
    {
        "id": "ferramenta1",
        "name": "Script Baboo",
        "image": "assets/img/baboo.png",
        "link": "https://github.com/NatanCarFF/TI/raw/refs/heads/main/baboo/baboo-script-v32.zip"
    },
    {
        "id": "ferramenta2",
        "name": "Bleachbit",
        "image": "assets/img/bleach.jpg",
        "link": "https://github.com/NatanCarFF/TI/raw/refs/heads/main/bleachbit/BleachBit-4.6.2-setup.exe"
    },
    {
        "id": "ferramenta3",
        "name": "TreeSize",
        "image": "assets/img/tree.png",
        "link": "https://customers.jam-software.de/downloadTrial.php?language=EN&article_no=80"
    },
    {
        "id": "ferramenta4",
        "name": "Defraggler",
        "image": "assets/img/defraggler.png",
        "link": "https://github.com/NatanCarFF/TI/raw/refs/heads/main/defraggler/dfsetup222.exe"
    },
    {
        "id": "ferramenta5",
        "name": "PuTTY",
        "image": "assets/img/putty.png",
        "link": "https://the.earth.li/~sgtatham/putty/latest/w64/putty.exe"
    },
    {
        "id": "ferramenta6",
        "name": "Agenda",
        "image": "assets/img/play.png",
        "link": "https://natancarff.github.io/agenda/"
    },
    {
        "id": "ferramenta7",
        "name": "Lightshot",
        "image": "assets/img/light.jpg",
        "link": "https://app.prntscr.com/build/setup-lightshot.exe"
    },
    {
        "id": "ferramenta8",
        "name": "Natanael",
        "image": "assets/img/play.png",
        "link": "https://natancarff.github.io/info/"
    },
    {
        "id": "ferramenta9",
        "name": "Minha Bíblia",
        "image": "assets/img/biblia.png",
        "link": "https://play.google.com/store/apps/details?id=com.natancarff.minhabbliaapp"
    }
]